企業ID,企業名,カテゴリ,カテゴリキー,種別,要確認の観点,理由,公式URL,本社所在地,従業員数(現在),従業員数の根拠,問い合わせURL(現在),備考,業種の判断,従業員数の判断,問い合わせURLの判断,企業特定の判断,従業員数(修正),問い合わせURL(修正),公式URL(修正),メモ
reaplus,Reaplus,化粧品D2C/P2C,cosme_d2c,検証済み,企業特定,企業特定: 公式サイトに社名はあるが、所在地・ドメインを裏付ける別の情報源がなく、同名企業との区別は未確認,https://reaplus.jp/,東京都渋谷区桜丘町31-14 SLACK SHIBUYA 603,26,human: 人が確認(2026-10-08): インターン情報サイトから取得。https://renew-career.com/companies/539/joboffers/1636,https://reaplus.jp/contact,従業員数: 従業員数は人が確認した値,,,,,,,,
サラヤ,サラヤ株式会社,化粧品D2C/P2C,cosme_d2c,検証済み,企業特定,企業特定: 社名は公式サイトにあるが、salesnowの所在地(大阪府)が採用した所在地(東京都)と食い違う,http://www.saraya.com/,東京都品川区東品川2-2-20,2274,human: 人が確認(2026-10-08): マイナビから。https://job.mynavi.jp/28/pc/search/corp267202/outline.html,https://www.saraya.com/info,所在地(東京/他)が情報源間で不一致 ; 住所が一致しない情報源の従業員数は不採用(同名の別会社の可能性): salesnow ; 従業員数: 従業員数は人が確認した値,,,,,,,,
アクシジア,株式会社アクシージア,化粧品D2C/P2C,cosme_d2c,検証済み,問い合わせURL,問い合わせURL: サイトに接続できず確認できない(robots.txt を取得できない(403)のためアクセスしない: https://axxzia.co.jp/cont),https://axxzia.co.jp/,東京都新宿区西新宿6-3-1新宿アイランド・ウィング2階,134,"edinet: 有価証券報告書 2025年7月期（2025年10月23日提出・書類ID S100WWME） 提出会社単体の従業員数 134名 https://disclosure2.edinet-fsa.go.jp/WZEK0040.aspx?S100WWME,,",https://axxzia.co.jp/contact/,従業員数: 公式サイトでは確認できず、公式サイト以外(有価証券報告書(EDINET))の値を採用（2025年7月時点） ; 有価証券報告書の連結従業員数は248名（提出会社単体は134名。これを採用）,,,,,,,,
美人製造研究所,株式会社美人製造研究所,化粧品D2C/P2C,cosme_d2c,検証済み,問い合わせURL,問い合わせURL: サポート・お客様窓口の問い合わせページの可能性(/pages/contact)。一般の問い合わせ用途か要確認,https://www.bijin-seizo.com/,東京都港区南青山3−1−34 3rd MINAMIAOYAMA 7階,300,green: 従業員数: 300人 https://www.green-japan.com/company/8337,https://bijin-seizo.com/pages/contact,従業員数: 公式サイトでは確認できず、採用サイト(Green)の値を採用（時点の記載なし）,,,,,,,,
daiya,"daiya co.,ltd",化粧品D2C/P2C,cosme_d2c,未検証,従業員数,不足項目: 従業員数（人が補えば検証に進める）,https://daiya-corp.com/,東京都新宿区西新宿6丁目22−1 新宿スクエアタワー 17F,,,https://daiya-corp.com/contact/,,,,,,,,,
jntlコンシュマヘルス,JNTLコンシューマーヘルス株式会社,化粧品D2C/P2C,cosme_d2c,未検証,問い合わせURL,不足項目: 問い合わせURL（人が補えば検証に進める）,https://www.ci-labo.com/,東京都渋谷区,487,gbizinfo: Gビズインフォ 従業員数: 487人 https://info.gbiz.go.jp/,,従業員数: 公式サイトでは確認できず、公式サイト以外(Gビズインフォ)の値を採用（時点の記載なし） ; 従業員数: Gビズインフォの値は推定値/レンジ/古い可能性のある値,,,,,,,,
shiro,SHIRO,化粧品D2C/P2C,cosme_d2c,未検証,問い合わせURL,不足項目: 問い合わせURL（人が補えば検証に進める）,https://shiro-shiro.jp/,東京都港区北青山3-6-7 青山パラシオタワー8F,771,mynavi: マイナビ(新卒) 従業員: 771名(2026年4月時点) https://job.mynavi.jp/28/pc/search/corp63820/outline.html,,従業員数: 公式サイトでは確認できず、採用サイト(マイナビ(新卒))の値を採用（2026年4月時点）,,,,,,,,
greenspoon,株式会社Greenspoon,化粧品D2C/P2C,cosme_d2c,未検証,従業員数,不足項目: 従業員数（人が補えば検証に進める）,https://greenspoon.co.jp/,東京都渋谷区恵比寿二丁目36番13号 広尾MTRビル 4F,,,https://greenspoon.co.jp/contact/,,,,,,,,,
アフラ,株式会社アフラ,化粧品D2C/P2C,cosme_d2c,未検証,従業員数,不足項目: 従業員数（人が補えば検証に進める）,https://afura.co.jp/,東京都渋谷区桜丘町26-1 セルリアンタワー5F,,,https://afura.co.jp/contact/,,,,,,,,,
アユララボラトリズ,株式会社アユーララボラトリーズ,化粧品D2C/P2C,cosme_d2c,未検証,従業員数,不足項目: 従業員数（人が補えば検証に進める）,https://www.ayura.co.jp/,東京都渋谷区代々木2丁目1番5号,,,https://www.ayura.co.jp/contact/,,,,,,,,,
アルビオン,株式会社アルビオン,化粧品D2C/P2C,cosme_d2c,未検証,問い合わせURL,不足項目: 問い合わせURL（人が補えば検証に進める）,https://www.paul-joe-beaute.com/,東京都中央区,4411,gbizinfo: Gビズインフォ 従業員数: 4411人（同名12件から選択） https://info.gbiz.go.jp/,,従業員数: 公式サイトでは確認できず、公式サイト以外(Gビズインフォ)の値を採用（時点の記載なし） ; 従業員数: Gビズインフォの値は推定値/レンジ/古い可能性のある値,,,,,,,,
ラフ,株式会社ラフ,化粧品D2C/P2C,cosme_d2c,未検証,従業員数(推定値のみ),不足項目: 従業員数(推定値のみ)（人が補えば検証に進める）,https://laughinc.co.jp/,東京都港区白金台5-3-6 白金台セントラルビル3階,20,gbizinfo: Gビズインフォ 従業員数: 20人（同名45件から選択） https://info.gbiz.go.jp/,https://laughinc.co.jp/contact,"公式URL候補が複数: https://laughinc.co.jp/ , https://roughinc.jp/ ; 従業員数: 公式サイトでは確認できず、公式サイト以外(Gビズインフォ)の値を採用（時点の記載なし） ; 従業員数: Gビズインフォの値は推定値/レンジ/古い可能性のある値",,,,,,,,