企業ID,企業名,カテゴリ,カテゴリキー,種別,要確認の観点,理由,公式URL,本社所在地,従業員数(現在),従業員数の根拠,問い合わせURL(現在),備考,業種の判断,従業員数の判断,問い合わせURLの判断,企業特定の判断,従業員数(修正),問い合わせURL(修正),公式URL(修正),メモ
nadia,Nadia株式会社,インフルエンサー事務所,influencer_agency,検証済み,企業特定,企業特定: 公式サイトに社名はあるが、所在地・ドメインを裏付ける別の情報源がなく、同名企業との区別は未確認,https://nadia-corp.co.jp/,東京都港区高輪2-16-4 STOCKビル 2F・3F,41,official: 従業員数 41名(2026年1月末日時点) | 許認可 有料職業 https://nadia-corp.co.jp/company/,https://nadia-corp.co.jp/contact,,,,,OK,,,,情報は正しい。料理系インフルエンサーのマネジメントを行っている。
twinplanet,株式会社TWIN PLANET,インフルエンサー事務所,influencer_agency,検証済み,企業特定,企業特定: 公式サイトに社名はあるが、所在地・ドメインを裏付ける別の情報源がなく、同名企業との区別は未確認,https://twinplanet.co.jp/,東京都渋谷区神宮前5-52-2 青山オーバルビル12階,150,official: 従業員数 | 150名(2025年7月時点) | 加盟団体 | WOM https://twinplanet.co.jp/about/,https://twinplanet.co.jp/contact/,,,,,OK,,,,情報は正しい。芸能事務所でインフルエンサーのマネジメントも行っている。
トリドリ,株式会社トリドリ,インフルエンサー事務所,influencer_agency,検証済み,従業員数,従業員数: edinet=53名に対しsalesnow=125名と差がある(2.4倍)。調査時点・集計範囲の違いの可能性,https://toridori.co.jp/,東京都渋谷区円山町28番1号,53,"edinet: 有価証券報告書 2025年12月期（2026年3月18日提出・書類ID S100XQKR） 提出会社単体の従業員数 53名 https://disclosure2.edinet-fsa.go.jp/WZEK0040.aspx?S100XQKR,,",https://toridori.co.jp/contact,"従業員数が情報源間で不一致: edinet=53, salesnow=125 ; 有価証券報告書の連結従業員数は136名（採用した53名は提出会社単体）",,,,,53,,,Yahooファイナンスも53だったので、EDINETを正としてよい。https://finance.yahoo.co.jp/quote/9337.T/profile
セレス,株式会社セレス,化粧品D2C/P2C,cosme_d2c,検証済み,業種,業種: 業種チェック未実施,https://ceres-inc.jp/,東京都渋谷区桜丘町1番1号,291,"edinet: 有価証券報告書 2025年12月期（2026年3月27日提出・書類ID S100XU6S） 提出会社単体の従業員数 291名 https://disclosure2.edinet-fsa.go.jp/WZEK0040.aspx?S100XU6S,,",https://ceres-inc.jp/index/inquiry-contents/,有価証券報告書の連結従業員数は351名（採用した291名は提出会社単体）,NG,,,,,,,化粧品ではないので却下
cchannel,Ｃ Ｃｈａｎｎｅｌ株式会社,インフルエンサー事務所,influencer_agency,未検証,従業員数(推定値のみ),不足項目: 従業員数(推定値のみ)（人が補えば検証に進める）,https://corp.cchan.tv/,東京都港区南青山7-1-5 コラム南青山7階,30,openwork: OpenWork 社員数: 30〜99人（レンジ下限を採用） https://www.openwork.jp/company.php?m_id=a0C1000000yzgbq,https://corp.cchan.tv/contact,従業員数はOpenWorkの社員数レンジ(下限/上限)(30名)・閾値付近のため要確認,,,,,52,,,日経新聞をソース　https://www.nikkei.com/nkd/company/gaiyo/?scode=7691
grove,GROVE株式会社,インフルエンサー事務所,influencer_agency,未検証,従業員数,不足項目: 従業員数（人が補えば検証に進める）,http://grove.tokyo/,東京都港区六本木6-10-1 六本木ヒルズ森タワー31階,,,https://grove.tokyo/contact/,,,,,,84,,,直近のdodaの数字を採用。人の入れ替わりが多いと考えられる。https://doda.jp/DodaFront/View/JobSearchDetail/j_jid__3015662000/
joker's,JOKER'S株式会社,インフルエンサー事務所,influencer_agency,未検証,従業員数,不足項目: 従業員数（人が補えば検証に進める）,https://jokers-inc.com/,東京都渋谷区恵比寿西2丁目4番8号,,,https://jokers-inc.com/form,,,,,,,,,
limelight,Ｌｉｍｅｌｉｇｈｔ株式会社,インフルエンサー事務所,influencer_agency,未検証,従業員数,不足項目: 従業員数（人が補えば検証に進める）,https://lime-light.co.jp/,東京都港区赤坂4-8-20 THE BLOOM AKASAKA 704号室,,,https://lime-light.co.jp/contact,,,,,,,,,
onemove,ｏｎｅ ｍｏｖｅ株式会社,インフルエンサー事務所,influencer_agency,未検証,従業員数,不足項目: 従業員数（人が補えば検証に進める）,https://onemove.co.jp/,東京都渋谷区恵比寿4-20-3 恵比寿ガーデンプレイスタワー 13F,,,https://onemove.co.jp/contact,,,,,,,,,
reaplus,Reaplus,インフルエンサー事務所,influencer_agency,未検証,従業員数,不足項目: 従業員数（人が補えば検証に進める）,https://reaplus.jp/,東京都渋谷区桜丘町31-14 SLACK SHIBUYA 603,,,https://reaplus.jp/contact,,,,,,,,,
studio15,studio15株式会社,インフルエンサー事務所,influencer_agency,未検証,従業員数,不足項目: 従業員数（人が補えば検証に進める）,https://studio15.co.jp/,東京都世田谷区三軒茶屋2-11-23 サンタワーズB棟 8階,,,https://studio15.co.jp/contact/,,,,,,,,,
styliction,STYLICTION株式会社,インフルエンサー事務所,influencer_agency,未検証,従業員数(推定値のみ),不足項目: 従業員数(推定値のみ)（人が補えば検証に進める）,https://itsnap.jp/,東京都渋谷区,14,gbizinfo: Gビズインフォ 従業員数: 14人 https://info.gbiz.go.jp/,https://itsnap.jp/inquiry,従業員数はGビズインフォ(政府保有情報・古い可能性)の値(14名)・閾値付近のため要確認,,,,,,,,
uuumウム,UUUM（ウーム）株式会社,インフルエンサー事務所,influencer_agency,未検証,従業員数(公式で未確認),不足項目: 従業員数(公式で未確認)（人が補えば検証に進める）,https://www.uuum.co.jp/,東京都港区六本木7-15-9 住友不動産六本木セントラルタワー7階,364,gbizinfo: Gビズインフォ 従業員数: 364人 https://info.gbiz.go.jp/,https://www.uuum.co.jp/inquiry,従業員数はGビズインフォ(政府保有情報・古い可能性)の値(364名) ; 従業員数が未確認: 公式サイトで従業員数を確認できず、gbizinfoの推定値/レンジ/古い可能性のある値(364名)のみ。第三者情報のため断定しない,,,,,,,,
スカリ,スカリー株式会社,インフルエンサー事務所,influencer_agency,未検証,従業員数(公式で未確認),不足項目: 従業員数(公式で未確認)（人が補えば検証に進める）,https://skaly.co.jp/,東京都港区赤坂3-11-15 VORT 赤坂見附 7F,45,mynavi: マイナビ(新卒) 従業員: 45名（2026年9月現在） https://job.mynavi.jp/28/pc/search/corp290681/outline.html,https://skaly.co.jp/contact,従業員数が未確認: 公式サイトで従業員数を確認できず、mynaviの値(45名)のみ。第三者情報のため断定しない,,,,,,,,
トレンダズ,トレンダーズ株式会社,インフルエンサー事務所,influencer_agency,未検証,問い合わせURL,不足項目: 問い合わせURL（人が補えば検証に進める）,https://www.trenders.co.jp/,東京都渋谷区東三丁目16番3号,204,"edinet: 有価証券報告書 2026年3月期（2026年6月30日提出・書類ID S100YNGH） 提出会社単体の従業員数 204名 https://disclosure2.edinet-fsa.go.jp/WZEK0040.aspx?S100YNGH,,",,"従業員数が情報源間で不一致: edinet=204, gbizinfo=202 ; 有価証券報告書の連結従業員数は277名（採用した204名は提出会社単体）",,,,,,,,
ナハト,ナハト,インフルエンサー事務所,influencer_agency,未検証,従業員数(公式で未確認),不足項目: 従業員数(公式で未確認)（人が補えば検証に進める）,https://nahato.co.jp/,東京都渋谷区道玄坂1-12-1 渋谷マークシティウエスト 15F,96,gbizinfo: Gビズインフォ 従業員数: 96人 https://info.gbiz.go.jp/,https://nahato.co.jp/contact,従業員数はGビズインフォ(政府保有情報・古い可能性)の値(96名) ; 従業員数が未確認: 公式サイトで従業員数を確認できず、gbizinfoの推定値/レンジ/古い可能性のある値(96名)のみ。第三者情報のため断定しない,,,,,,,,
bibin,株式会社bibin,インフルエンサー事務所,influencer_agency,未検証,従業員数,不足項目: 従業員数（人が補えば検証に進める）,https://bibin.jp/,東京都港区赤坂2-14-5 Daiwa赤坂ビル6F,,,https://bibin.jp/contact,,,,,,,,,
cozoru,株式会社cozoru,インフルエンサー事務所,influencer_agency,未検証,従業員数,不足項目: 従業員数（人が補えば検証に進める）,https://cozoru.com/,東京都千代田区神田須田町1丁目7番1号 ウィン神田ビル4階,,,https://cozoru.com/contact,,,,,,,,,
dym,株式会社DYM,インフルエンサー事務所,influencer_agency,未検証,従業員数(公式で未確認),不足項目: 従業員数(公式で未確認)（人が補えば検証に進める）,https://dym.bz/,東京都品川区大崎一丁目11番2号 ゲートシティ大崎イーストタワー10階,686,green: 従業員数: 686人 https://www.green-japan.com/company/1652,https://dym.asia/contact/,"従業員数が情報源間で不一致: green=686, salesnow=631 ; 公式URL候補が複数: https://dym.bz/ , http://dym.asia/ ; 従業員数が未確認: 公式サイトで従業員数を確認できず、greenの値(686名)のみ。第三者情報のため断定しない",,,,,,,,
fint,株式会社FinT,インフルエンサー事務所,influencer_agency,未検証,従業員数(公式で未確認),不足項目: 従業員数(公式で未確認)（人が補えば検証に進める）,https://fint.co.jp/,東京都渋谷区恵比寿1丁目18-14 恵比寿ファーストスクエア12階,80,salesnow: 正社員規模(推定): 80名（SalesNowの推定値） https://salesnow.jp/db/companies/jcbth39u0s2w9dvfn,https://fint.co.jp/contact/,従業員数はSalesNowの推定値(80名) ; 従業員数が未確認: 公式サイトで従業員数を確認できず、salesnowの推定値/レンジ/古い可能性のある値(80名)のみ。第三者情報のため断定しない,,,,,,,,
ihack,株式会社iHack,インフルエンサー事務所,influencer_agency,未検証,従業員数(公式で未確認),不足項目: 従業員数(公式で未確認)（人が補えば検証に進める）,https://ihack.co.jp/,東京都港区港南二丁目12番32号,25,mynavi: マイナビ(新卒) 従業員: 25人(2026年2月現在)※業務委託含む https://job.mynavi.jp/28/pc/search/corp274921/outline.html,https://ihack.co.jp/contact/,従業員数が未確認: 公式サイトで従業員数を確認できず、mynaviの値(25名)のみ。第三者情報のため断定しない,,,,,,,,
kirinz,株式会社KIRINZ,インフルエンサー事務所,influencer_agency,未検証,従業員数(公式で未確認),不足項目: 従業員数(公式で未確認)（人が補えば検証に進める）,http://kirinz.tokyo/,東京都目黒区中目黒1-8-8 目黒F2ビル 1F,99,gbizinfo: Gビズインフォ 従業員数: 99人 https://info.gbiz.go.jp/,https://kirinz.tokyo/contact/,従業員数はGビズインフォ(政府保有情報・古い可能性)の値(99名) ; 従業員数が未確認: 公式サイトで従業員数を確認できず、gbizinfoの推定値/レンジ/古い可能性のある値(99名)のみ。第三者情報のため断定しない,,,,,,,,
leadingcommunication,株式会社Leading Communication,インフルエンサー事務所,influencer_agency,未検証,従業員数,不足項目: 従業員数（人が補えば検証に進める）,https://www.le-commu.co.jp/,東京都渋谷区道玄坂1-16-10 渋谷DTビル6F,,,https://www.le-commu.co.jp/contact/,,,,,,,,,
lumii,株式会社Lumii,インフルエンサー事務所,influencer_agency,未検証,従業員数,不足項目: 従業員数（人が補えば検証に進める）,https://lumii.co.jp/,東京都渋谷区神南一丁目6番5号 渋谷ウェイプ9階9-1区画,,,https://lumii.co.jp/contact/,,,,,,,,,
ndpromotion,株式会社N.D.Promotion,インフルエンサー事務所,influencer_agency,未検証,従業員数,不足項目: 従業員数（人が補えば検証に進める）,http://www.ndpromotion.co.jp/,東京都渋谷区神宮前6-27-8 エムズ原宿3F,,,https://ndpromotion.co.jp/contact/,,,,,,,,,
noirmaison,株式会社NoirMaison,インフルエンサー事務所,influencer_agency,未検証,従業員数,不足項目: 従業員数（人が補えば検証に進める）,https://noirmaison.net/,東京都渋谷区円山町,,,https://noirmaison.net/2,,,,,,,,,
torihada,株式会社TORIHADA,インフルエンサー事務所,influencer_agency,未検証,従業員数(公式で未確認),不足項目: 従業員数(公式で未確認)（人が補えば検証に進める）,http://www.torihada.co.jp/,東京都渋谷区道玄坂2-25-12,184,official: 従業員数 | 184人(※2026年5月時点) | ※業務委託、アルバ https://www.torihada.co.jp/about/company/,https://www.torihada.co.jp/contact/,従業員数が未確認: 公式の数字に「業務委託」の記載があり、単体の従業員数ではない可能性,,,,,,,,
truxia,株式会社TRUXiA,インフルエンサー事務所,influencer_agency,未検証,従業員数,不足項目: 従業員数（人が補えば検証に進める）,https://truxia.co.jp/,東京都杉並区和泉1-22-19,,,https://truxia.co.jp/contact,,,,,,,,,
wonderx,株式会社wonderX,インフルエンサー事務所,influencer_agency,未検証,従業員数,不足項目: 従業員数（人が補えば検証に進める）,http://wonderx.co.jp/,東京都港区赤坂2-17-65 ウィンド赤坂IIビル 303号室,,,https://wonderx.co.jp/inquiry/,,,,,,,,,
youpace,株式会社YOUPACE,インフルエンサー事務所,influencer_agency,未検証,従業員数,不足項目: 従業員数（人が補えば検証に進める）,https://youpace.co.jp/,東京都渋谷区千駄ヶ谷5-27-5 リンクスクエア新宿 16F,,,https://youpace.co.jp/contact/,,,,,,,,,
アナライズログ,株式会社アナライズログ,インフルエンサー事務所,influencer_agency,未検証,従業員数,不足項目: 従業員数（人が補えば検証に進める）,https://analyzelog.jp/,東京都港区南青山 2-26-32 セイザンI 1002,,,https://analyzelog.jp/contact,,,,,,,,,
イスピリット,株式会社イー・スピリット,インフルエンサー事務所,influencer_agency,未検証,従業員数(公式で未確認),不足項目: 従業員数(公式で未確認)（人が補えば検証に進める）,https://www.e-spirit.jp/,東京都渋谷区渋谷1-7-7 住友不動産青山通ビル13F,69,mynavi: マイナビ(新卒) 従業員: 69名（男性28名、女性41名） https://job.mynavi.jp/28/pc/search/corp76723/outline.html,https://www.e-spirit.jp/contact,従業員数が未確認: 公式サイトで従業員数を確認できず、mynaviの値(69名)のみ。第三者情報のため断定しない,,,,,,,,
エクスクリエ,株式会社エクスクリエ,インフルエンサー事務所,influencer_agency,未検証,従業員数(公式で未確認),不足項目: 従業員数(公式で未確認)（人が補えば検証に進める）,https://www.excrie.co.jp/,"東京都新宿区、代表取締役社長:小笠原 亨、以下「エクスクリエ」)は、食品スーパーを週1回以上利用する全国20~69歳の女性1,503人を対象に、「",100,openwork: OpenWork 社員数: 100〜499人（レンジ下限を採用） https://www.openwork.jp/company.php?m_id=a0C30000002yRA4,https://www.excrie.co.jp/contact,従業員数はOpenWorkの社員数レンジ(下限/上限)(100名) ; 従業員数が未確認: 公式サイトで従業員数を確認できず、openworkの推定値/レンジ/古い可能性のある値(100名)のみ。第三者情報のため断定しない,,,,,,,,
スペクトラム,株式会社スペクトラム,インフルエンサー事務所,influencer_agency,未検証,従業員数(推定値のみ),不足項目: 従業員数(推定値のみ)（人が補えば検証に進める）,https://spectrum-inc.co.jp/,東京都渋谷区桜丘町23-17 シティコート桜丘408号室,26,gbizinfo: Gビズインフォ 従業員数: 26人（同名8件から選択） https://info.gbiz.go.jp/,https://spectrum-inc.co.jp/contact,従業員数はGビズインフォ(政府保有情報・古い可能性)の値(26名)・閾値付近のため要確認,,,,,,,,
トイボックスエジェント,株式会社トイボックスエージェント,インフルエンサー事務所,influencer_agency,未検証,従業員数,不足項目: 従業員数（人が補えば検証に進める）,https://www.toyboxagent.com/,東京都渋谷区神宮前3-21-6 大崎ビル2F,,,http://www.toyboxagent.com/contact,,,,,,,,,
フリウエイブ,株式会社フリー・ウエイブ,インフルエンサー事務所,influencer_agency,未検証,従業員数,不足項目: 従業員数（人が補えば検証に進める）,http://f-w.co.jp/,東京都世田谷区池尻3-19-10 NKビル1階,,,https://f-w.co.jp/contact/,,,,,,,,,
1623,合同会社1623,インフルエンサー事務所,influencer_agency,未検証,従業員数,不足項目: 従業員数（人が補えば検証に進める）,https://ichirokunisan.com/,東京都渋谷区東3-16-10 三浦ビル301,,,https://ichirokunisan.com/contact,,,,,,,,,
daiya,"daiya co.,ltd",化粧品D2C/P2C,cosme_d2c,未検証,従業員数,不足項目: 従業員数（人が補えば検証に進める）,https://daiya-corp.com/,東京都新宿区西新宿6丁目22−1 新宿スクエアタワー 17F,,,https://daiya-corp.com/contact/,,,,,,,,,
reaplus,Reaplus,化粧品D2C/P2C,cosme_d2c,未検証,従業員数,不足項目: 従業員数（人が補えば検証に進める）,https://reaplus.jp/,東京都渋谷区桜丘町31-14 SLACK SHIBUYA 603,,,https://reaplus.jp/contact,,,,,,26,,,インターン情報サイトから取得。https://renew-career.com/companies/539/joboffers/1636
オルビス,オルビス株式会社,化粧品D2C/P2C,cosme_d2c,未検証,従業員数(公式で未確認),不足項目: 従業員数(公式で未確認)（人が補えば検証に進める）,http://www.orbis.co.jp/,東京都品川区,1119,gbizinfo: Gビズインフォ 従業員数: 1119人（同名19件から選択） https://info.gbiz.go.jp/,https://corp.orbis.co.jp/contact/,従業員数はGビズインフォ(政府保有情報・古い可能性)の値(1119名) ; 従業員数が未確認: 公式サイトで従業員数を確認できず、gbizinfoの推定値/レンジ/古い可能性のある値(1119名)のみ。第三者情報のため断定しない,,,,,1087,,,公式サイトから。https://corp.orbis.co.jp/company/
コアラ,コアラ,化粧品D2C/P2C,cosme_d2c,未検証,従業員数(公式で未確認),不足項目: 従業員数(公式で未確認)（人が補えば検証に進める）,https://jp.koala.com/,東京都渋谷区神宮前5丁目43番7号,219,official: 従業員数 219名 (うち日本従業員33名)(2024年8月現在) https://jp.koala.com/pages/company,https://jp.koala.com/pages/contact-us,従業員数が未確認: 公式の数字に「うち日本」の記載があり、単体の従業員数ではない可能性,,,,,219,,,公式サイトから。https://jp.koala.com/pages/company
サラヤ,サラヤ株式会社,化粧品D2C/P2C,cosme_d2c,未検証,従業員数,不足項目: 従業員数（人が補えば検証に進める）,http://www.saraya.com/,東京都品川区東品川2-2-20,,,https://www.saraya.com/info,所在地(東京/他)が情報源間で不一致 ; 住所が一致しない情報源の従業員数は不採用(同名の別会社の可能性): salesnow,,,,,2274,,,マイナビから。https://job.mynavi.jp/28/pc/search/corp267202/outline.html
greenspoon,株式会社Greenspoon,化粧品D2C/P2C,cosme_d2c,未検証,従業員数,不足項目: 従業員数（人が補えば検証に進める）,https://greenspoon.co.jp/,東京都渋谷区恵比寿二丁目36番13号 広尾MTRビル 4F,,,https://greenspoon.co.jp/contact/,,,,,,,,,
smbrand,株式会社SMbrand,化粧品D2C/P2C,cosme_d2c,未検証,従業員数(公式で未確認),不足項目: 従業員数(公式で未確認)（人が補えば検証に進める）,http://smbrand.co.jp/,東京都中央区京橋2-2-1 京橋エドグラン16階,100,openwork: OpenWork 社員数: 100〜499人（レンジ下限を採用） https://www.openwork.jp/company.php?m_id=a0C1000000tefTM,https://smbrand.co.jp/contact,従業員数はOpenWorkの社員数レンジ(下限/上限)(100名) ; 従業員数が未確認: 公式サイトで従業員数を確認できず、openworkの推定値/レンジ/古い可能性のある値(100名)のみ。第三者情報のため断定しない,,,,,,,,
アフラ,株式会社アフラ,化粧品D2C/P2C,cosme_d2c,未検証,従業員数,不足項目: 従業員数（人が補えば検証に進める）,https://afura.co.jp/,東京都渋谷区桜丘町26-1 セルリアンタワー5F,,,https://afura.co.jp/contact/,,,,,,,,,
アユララボラトリズ,株式会社アユーララボラトリーズ,化粧品D2C/P2C,cosme_d2c,未検証,従業員数,不足項目: 従業員数（人が補えば検証に進める）,https://www.ayura.co.jp/,東京都渋谷区代々木2丁目1番5号,,,https://www.ayura.co.jp/contact/,,,,,,,,,
スヴェンソン,株式会社スヴェンソン,化粧品D2C/P2C,cosme_d2c,未検証,従業員数(公式で未確認),不足項目: 従業員数(公式で未確認)（人が補えば検証に進める）,https://www.svenson.co.jp/,東京都港区赤坂1-12-32 アーク森ビル17階,743,official: 従業員数 743名(2026年5月現在 / グループ連結) | グ https://www.svenson.co.jp/company/outline,https://www.svenson.co.jp/contact/,"従業員数が情報源間で不一致: official=743, salesnow=567 ; 従業員数が未確認: 公式の数字に「連結」の記載があり、単体の従業員数ではない可能性",,,,,,,,
ラフ,株式会社ラフ,化粧品D2C/P2C,cosme_d2c,未検証,従業員数(推定値のみ),不足項目: 従業員数(推定値のみ)（人が補えば検証に進める）,https://laughinc.co.jp/,東京都港区白金台5-3-6 白金台セントラルビル3階,20,gbizinfo: Gビズインフォ 従業員数: 20人（同名45件から選択） https://info.gbiz.go.jp/,https://laughinc.co.jp/contact,"公式URL候補が複数: https://laughinc.co.jp/ , https://roughinc.jp/ ; 従業員数はGビズインフォ(政府保有情報・古い可能性)の値(20名)・閾値付近のため要確認",,,,,,,,
美人製造研究所,株式会社美人製造研究所,化粧品D2C/P2C,cosme_d2c,未検証,従業員数(公式で未確認),不足項目: 従業員数(公式で未確認)（人が補えば検証に進める）,https://www.bijin-seizo.com/,東京都港区南青山3−1−34 3rd MINAMIAOYAMA 7階,300,green: 従業員数: 300人 https://www.green-japan.com/company/8337,https://bijin-seizo.com/pages/contact,従業員数が未確認: 公式サイトで従業員数を確認できず、greenの値(300名)のみ。第三者情報のため断定しない,,,,,,,,
ソシャルワイヤ,ソーシャルワイヤー株式会社,インフルエンサー事務所,influencer_agency,検証済み,従業員数 / 企業特定,従業員数: edinet=105名に対しgbizinfo=274名と差がある(2.6倍)。調査時点・集計範囲の違いの可能性 ／ 企業特定: 公式サイト上に社名が確認できない(所在地はgbizinfoと一致),https://find-model.jp/,東京都港区芝浦三丁目9番1号 芝浦ルネサイトタワー6階,105,"edinet: 有価証券報告書 2026年3月期（2026年6月24日提出・書類ID S100YF9R） 提出会社単体の従業員数 105名 https://disclosure2.edinet-fsa.go.jp/WZEK0040.aspx?S100YF9R,,",https://find-model.jp/company/contact,"従業員数が情報源間で不一致: edinet=105, gbizinfo=274 ; 有価証券報告書の連結従業員数は153名（採用した105名は提出会社単体）",,,,,,,,
ジェイフロンティア,ジェイフロンティア株式会社,化粧品D2C/P2C,cosme_d2c,検証済み,業種 / 従業員数,業種: 業種チェック未実施 ／ 従業員数: edinet=67名に対しofficial=355名と差がある(5.3倍)。調査時点・集計範囲の違いの可能性,https://jfrontier.jp/,東京都渋谷区渋谷二丁目9番9号,67,"edinet: 有価証券報告書 2026年5月期（2026年8月25日提出・書類ID S100YYK8） 提出会社単体の従業員数 67名 https://disclosure2.edinet-fsa.go.jp/WZEK0040.aspx?S100YYK8,,",https://jfrontier.jp/contact/,"従業員数が情報源間で不一致: edinet=67, official=355 ; 有価証券報告書の連結従業員数は201名（採用した67名は提出会社単体）",,,,,,,,
